Občina,Leto,Površina (km2) - 1. januar,Število prebivalcev - 1. januar,Število prebivalcev - 1. julij,Število moških - 1. januar,Število moških - 1. julij,Število žensk - 1. januar,Število žensk - 1. julij,Delež prebivalcev starih 0 do 14 let - 1. januar,"Delež prebivalcev, starih 15 do 64 let - 1. januar",Delež prebivalcev starih 65 let ali več - 1. januar,Gostota naseljenosti - 1. januar,Gostota naseljenosti - 1. julij,Naravni prirast,Skupni prirast,Število živorojenih,Živorojeni (na 1.000 prebivalcev),Število umrlih,Umrli (na 1.000 prebivalcev),Naravni prirast (na 1.000 prebivalcev),Skupni selitveni prirast (na 1.000 prebivalcev),Skupni prirast (na 1.000 prebivalcev),Povprečna starost prebivalcev - 1. januar,Povprečna starost prebivalcev - 1. julij,Indeks staranja - 1. januar,Indeks staranja - 1. julij,Indeks staranja za moške - 1. januar,Indeks staranja za moške - 1. julij,Indeks staranja za ženske - 1. januar,Indeks staranja za ženske - 1. julij,Število vrtcev,Število otrok v vrtcih (po izvajalcu predšolske vzgoje),"Vključenost otrok v vrtce (% med vsemi otroki, starimi 1-5)",Število šol,Število učencev v osnovnih šolah,Število dijakov (po prebivališču),Število študentov (po prebivališču),Število študentov (na 1.000 prebivalcev),Število diplomantov (na 1.000 prebivalcev),Število delovno aktivnih prebivalcev (po prebivališču),Število delovno aktivnih prebivalcev (po delovnem mestu),Število zaposlenih oseb (po delovnem mestu),Število samozaposlenih oseb (po delovnem mestu),Stopnja delovne aktivnosti (%),Povprečna mesečna bruto plača na zaposleno osebo (EUR),Povprečna mesečna neto plača na zaposleno osebo (EUR),"Povprečna mesečna bruto plača (indeks, SI=100)","Povprečna mesečna neto plača (indeks, SI=100)",Število podjetij,Prihodek podjetij (1.000 EUR),Število stanovanj - 1. januar,Število stanovanj (na 1.000 prebivalcev),Tri- ali več sobna stanovanja (% med vsemi stanovanji),Povprečna uporabna površina stanovanj (m2),Število osebnih avtomobilov - 31. december,Število osebnih avtomobilov (na 1.000 prebivalcev) - 31. december,Povprečna starost osebnih avtomobilov (leta) - 31. december,"Komunalni odpadki, zbrani z javnim odvozom (tone)","Komunalni odpadki, zbrani z javnim odvozom (kg/prebivalca)"
001,2025,...,19895,19930,10242,10243,9653,9687,16.9,61.9,21.2,...,...,...,...,...,...,...,...,...,...,...,43.3,43.4,125.6,128.1,111.5,113.6,140.5,143.5,9,783,...,...,...,...,...,...,...,9127,8204,7162,1042,...,2394.71,1529.24,94.4,95.5,...,...,...,...,...,...,13415,...,...,...,...
002,2025,...,8129,8075,4137,4096,3992,3979,13.5,63.9,22.5,...,...,...,...,...,...,...,...,...,...,...,45.3,45.5,166.4,171.7,136.4,142.2,202.6,206.9,6,269,...,...,...,...,...,...,...,3340,1370,1097,273,...,2263.77,1456.40,89.3,90.9,...,...,...,...,...,...,4761,...,...,...,...
003,2025,...,8154,8121,4073,4059,4081,4062,13.2,60.6,26.2,...,...,...,...,...,...,...,...,...,...,...,46.9,47.1,197.9,204.6,158.2,163.3,243.8,252.4,2,250,...,...,...,...,...,...,...,3516,3262,2698,565,...,2381.44,1515.37,93.9,94.6,...,...,...,...,...,...,4816,...,...,...,...
004,2025,...,5238,5194,2634,2610,2604,2584,14.1,59.8,26.1,...,...,...,...,...,...,...,...,...,...,...,46.5,46.7,184.7,190.0,161.9,166.9,208.9,214.1,1,185,...,...,...,...,...,...,...,2211,1638,1178,460,...,2121.58,1368.80,83.7,85.4,...,...,...,...,...,...,3062,...,...,...,...
005,2025,...,4706,4704,2405,2410,2301,2294,17.7,62.5,19.7,...,...,...,...,...,...,...,...,...,...,...,42.1,42.2,111.1,114.9,107.6,110.0,114.7,120.0,1,209,...,...,...,...,...,...,...,2133,914,716,199,...,2261.68,1428.24,89.2,89.2,...,...,...,...,...,...,2643,...,...,...,...
006,2025,...,3004,3020,1505,1522,1499,1498,10.6,60.2,29.3,...,...,...,...,...,...,...,...,...,...,...,49.3,49.4,277.6,286.5,244.5,254.9,313.1,320.7,1,74,...,...,...,...,...,...,...,1279,1325,1108,218,...,2157.14,1386.97,85.1,86.6,...,...,...,...,...,...,1936,...,...,...,...
007,2025,...,5584,5547,2789,2768,2795,2779,14.0,60.4,25.6,...,...,...,...,...,...,...,...,...,...,...,46.5,46.7,182.0,186.6,164.1,170.0,200.0,203.1,3,182,...,...,...,...,...,...,...,2331,1191,702,489,...,2158.05,1388.84,85.1,86.7,...,...,...,...,...,...,4101,...,...,...,...
008,2025,...,13133,13129,6487,6503,6646,6626,16.5,64.5,19.0,...,...,...,...,...,...,...,...,...,...,...,42.6,42.7,115.3,118.8,94.9,98.1,137.7,141.7,8,517,...,...,...,...,...,...,...,6010,3907,3203,704,...,2355.09,1496.96,92.9,93.4,...,...,...,...,...,...,7800,...,...,...,...
009,2025,...,24402,24387,12328,12298,12074,12089,13.6,62.1,24.2,...,...,...,...,...,...,...,...,...,...,...,45.9,46.0,177.7,179.7,146.7,147.6,212.3,215.8,10,844,...,...,...,...,...,...,...,10871,7504,6372,1132,...,2360.25,1497.63,93.1,93.5,...,...,...,...,...,...,15362,...,...,...,...
010,2025,...,3905,3927,1962,1978,1943,1949,12.7,64.4,22.8,...,...,...,...,...,...,...,...,...,...,...,46.1,46.1,179.5,178.2,146.8,148.5,216.8,212.3,2,122,...,...,...,...,...,...,...,1535,483,304,179,...,2180.50,1401.07,86.0,87.5,...,...,...,...,...,...,2459,...,...,...,...
011,2025,...,49628,49643,24918,24938,24710,24705,14.0,63.8,22.2,...,...,...,...,...,...,...,...,...,...,...,44.7,44.8,158.2,160.6,130.7,132.9,187.1,189.5,18,1695,...,...,...,...,...,...,...,23042,32201,30019,2182,...,2448.39,1554.18,96.5,97.0,...,...,...,...,...,...,28735,...,...,...,...
012,2025,...,7944,7994,3970,4001,3974,3993,16.4,64.3,19.3,...,...,...,...,...,...,...,...,...,...,...,42.5,42.6,118.0,120.2,97.2,100.3,140.8,141.7,4,356,...,...,...,...,...,...,...,3816,5281,4695,586,...,2720.29,1696.14,107.3,105.9,...,...,...,...,...,...,5226,...,...,...,...
013,2025,...,11848,11845,6090,6092,5758,5753,15.4,62.9,21.7,...,...,...,...,...,...,...,...,...,...,...,44.3,44.3,141.5,143.6,124.5,125.4,160.4,164.0,3,434,...,...,...,...,...,...,...,5474,3750,3143,607,...,2114.80,1369.45,83.4,85.5,...,...,...,...,...,...,7409,...,...,...,...
014,2025,...,4423,4429,2270,2274,2153,2155,14.7,60.2,25.1,...,...,...,...,...,...,...,...,...,...,...,45.8,45.9,170.5,174.4,151.9,159.8,191.2,190.3,1,149,...,...,...,...,...,...,...,1923,1255,986,269,...,1909.00,1248.99,75.3,78.0,...,...,...,...,...,...,2906,...,...,...,...
015,2025,...,3899,3892,1955,1955,1944,1937,13.6,62.2,24.1,...,...,...,...,...,...,...,...,...,...,...,45.3,45.5,177.2,182.5,161.9,164.8,191.9,200.0,2,144,...,...,...,...,...,...,...,1577,624,483,142,...,2333.43,1481.66,92.0,92.5,...,...,...,...,...,...,2315,...,...,...,...
016,2025,...,3012,2992,1530,1512,1482,1480,12.3,61.5,26.2,...,...,...,...,...,...,...,...,...,...,...,47.2,47.5,212.9,220.6,226.9,232.3,201.5,211.1,2,86,...,...,...,...,...,...,...,1156,762,630,132,...,2373.99,1515.44,93.6,94.6,...,...,...,...,...,...,1676,...,...,...,...
017,2025,...,14213,14197,7290,7280,6923,6917,14.6,60.7,24.7,...,...,...,...,...,...,...,...,...,...,...,45.6,45.8,169.0,174.6,149.8,157.4,189.8,192.8,5,485,...,...,...,...,...,...,...,6107,4484,3874,610,...,2171.27,1392.17,85.6,86.9,...,...,...,...,...,...,8632,...,...,...,...
018,2025,...,2695,2683,1406,1397,1289,1286,14.0,65.6,20.4,...,...,...,...,...,...,...,...,...,...,...,43.8,44.2,145.9,153.7,129.7,138.1,164.6,171.6,1,87,...,...,...,...,...,...,...,1232,318,191,128,...,2187.52,1411.91,86.3,88.1,...,...,...,...,...,...,1764,...,...,...,...
019,2025,...,4535,4587,2395,2434,2140,2153,14.9,64.0,21.1,...,...,...,...,...,...,...,...,...,...,...,44.4,44.3,141.3,139.0,129.1,127.1,154.9,152.2,2,188,...,...,...,...,...,...,...,2096,980,768,213,...,2300.60,1468.69,90.7,91.7,...,...,...,...,...,...,3057,...,...,...,...
020,2025,...,3937,3941,2060,2052,1877,1889,14.3,64.3,21.4,...,...,...,...,...,...,...,...,...,...,...,44.4,44.4,149.7,151.2,133.2,135.5,169.1,169.1,1,145,...,...,...,...,...,...,...,1747,931,740,191,...,2059.09,1332.20,81.2,83.2,...,...,...,...,...,...,2256,...,...,...,...
021,2025,...,8064,8067,4080,4083,3984,3984,17.1,64.8,18.0,...,...,...,...,...,...,...,...,...,...,...,41.8,42.0,105.1,108.8,86.7,91.6,126.1,128.1,5,314,...,...,...,...,...,...,...,3772,1685,1154,532,...,2184.26,1408.07,86.1,87.9,...,...,...,...,...,...,4898,...,...,...,...
022,2025,...,6420,6445,3214,3226,3206,3219,17.2,64.6,18.3,...,...,...,...,...,...,...,...,...,...,...,41.6,41.7,106.4,107.6,92.4,94.6,121.8,121.9,1,243,...,...,...,...,...,...,...,2943,2011,1708,302,...,2712.43,1719.73,107.0,107.3,...,...,...,...,...,...,3859,...,...,...,...
023,2025,...,38190,38292,19023,19113,19167,19179,16.4,64.7,19.0,...,...,...,...,...,...,...,...,...,...,...,42.4,42.4,115.7,117.2,98.2,99.3,134.2,136.2,17,1566,...,...,...,...,...,...,...,17774,12492,10494,1998,...,2285.32,1463.78,90.1,91.4,...,...,...,...,...,...,22009,...,...,...,...
024,2025,...,2937,2930,1554,1526,1383,1404,13.3,67.8,18.9,...,...,...,...,...,...,...,...,...,...,...,44.0,44.1,141.7,142.3,122.6,127.4,163.4,157.7,2,120,...,...,...,...,...,...,...,1201,863,745,118,...,2464.53,1570.94,97.2,98.1,...,...,...,...,...,...,1652,...,...,...,...
025,2025,...,8816,8821,4465,4481,4351,4340,14.0,62.0,23.9,...,...,...,...,...,...,...,...,...,...,...,45.8,45.9,170.5,174.9,153.7,154.5,186.7,195.2,7,297,...,...,...,...,...,...,...,3558,2867,2482,385,...,2211.99,1409.99,87.2,88.0,...,...,...,...,...,...,5394,...,...,...,...
026,2025,...,7057,7026,3518,3503,3539,3523,14.7,64.3,21.1,...,...,...,...,...,...,...,...,...,...,...,44.4,44.5,143.4,146.0,132.4,134.4,154.5,157.9,2,252,...,...,...,...,...,...,...,2930,968,665,303,...,2120.89,1376.34,83.6,85.9,...,...,...,...,...,...,4407,...,...,...,...
027,2025,...,7724,7758,3898,3905,3826,3853,19.8,63.3,16.9,...,...,...,...,...,...,...,...,...,...,...,39.9,40.0,85.6,88.0,81.1,84.4,90.0,91.5,6,409,...,...,...,...,...,...,...,3532,1976,1451,525,...,2358.40,1509.00,93.0,94.2,...,...,...,...,...,...,4830,...,...,...,...
028,2025,...,4213,4221,2207,2209,2006,2012,14.8,64.8,20.4,...,...,...,...,...,...,...,...,...,...,...,43.9,44.2,137.7,143.5,114.5,120.5,165.3,170.7,1,158,...,...,...,...,...,...,...,1931,978,785,193,...,1991.61,1283.40,78.5,80.1,...,...,...,...,...,...,2552,...,...,...,...
029,2025,...,8519,8522,4283,4299,4236,4223,13.1,62.3,24.7,...,...,...,...,...,...,...,...,...,...,...,46.5,46.7,188.9,192.3,158.1,159.5,224.7,230.5,2,255,...,...,...,...,...,...,...,3132,4554,4112,442,...,2257.23,1440.03,89.0,89.9,...,...,...,...,...,...,5241,...,...,...,...
030,2025,...,2549,2550,1291,1286,1258,1264,12.7,58.9,28.4,...,...,...,...,...,...,...,...,...,...,...,48.0,47.9,224.5,220.1,182.2,180.8,270.8,261.7,2,77,...,...,...,...,...,...,...,1068,558,331,227,...,1972.16,1288.14,77.8,80.4,...,...,...,...,...,...,1484,...,...,...,...
031,2025,...,1964,1942,983,978,981,964,11.2,57.5,31.3,...,...,...,...,...,...,...,...,...,...,...,49.4,49.7,280.8,281.6,230.1,231.7,345.8,346.8,1,47,...,...,...,...,...,...,...,661,268,180,88,...,2158.36,1393.30,85.1,87.0,...,...,...,...,...,...,1258,...,...,...,...
032,2025,...,22050,22167,11304,11362,10746,10805,17.0,65.2,17.8,...,...,...,...,...,...,...,...,...,...,...,41.4,41.5,104.7,106.6,94.5,95.4,114.9,118.0,18,908,...,...,...,...,...,...,...,10522,8299,7280,1020,...,2281.40,1458.58,90.0,91.0,...,...,...,...,...,...,12728,...,...,...,...
033,2025,...,1343,1344,698,694,645,650,10.1,58.3,31.6,...,...,...,...,...,...,...,...,...,...,...,50.4,49.9,314.8,301.4,263.2,242.5,381.4,382.8,2,28,...,...,...,...,...,...,...,510,256,174,82,...,1867.84,1226.41,73.7,76.6,...,...,...,...,...,...,850,...,...,...,...
034,2025,...,8820,8792,4404,4401,4416,4391,11.7,61.1,27.1,...,...,...,...,...,...,...,...,...,...,...,47.7,48.0,230.9,239.1,191.8,197.6,274.8,286.3,3,216,...,...,...,...,...,...,...,3588,2376,2135,241,...,2337.93,1487.46,92.2,92.8,...,...,...,...,...,...,4921,...,...,...,...
035,2025,...,5356,5374,2813,2803,2543,2571,14.8,64.2,20.9,...,...,...,...,...,...,...,...,...,...,...,44.1,44.1,141.2,140.4,127.6,123.9,155.7,158.4,2,194,...,...,...,...,...,...,...,2521,1564,1337,226,...,2087.21,1347.83,82.3,84.1,...,...,...,...,...,...,3602,...,...,...,...
036,2025,...,11673,11598,5875,5842,5798,5756,13.9,60.8,25.3,...,...,...,...,...,...,...,...,...,...,...,46.3,46.5,182.3,187.8,154.3,158.0,210.4,218.0,5,388,...,...,...,...,...,...,...,5163,5260,4658,602,...,2534.36,1602.12,99.9,100.0,...,...,...,...,...,...,6832,...,...,...,...
037,2025,...,7926,7912,4076,4040,3850,3872,17.0,63.8,19.2,...,...,...,...,...,...,...,...,...,...,...,42.0,42.2,113.1,116.0,101.7,105.9,125.6,126.7,4,331,...,...,...,...,...,...,...,3500,2041,1672,369,...,2323.04,1492.17,91.6,93.1,...,...,...,...,...,...,4559,...,...,...,...
038,2025,...,13255,13192,6738,6704,6517,6488,12.9,59.8,27.3,...,...,...,...,...,...,...,...,...,...,...,47.7,47.9,211.8,219.9,190.0,197.2,233.9,242.8,7,426,...,...,...,...,...,...,...,5879,3439,2891,549,...,2310.09,1480.74,91.1,92.4,...,...,...,...,...,...,9311,...,...,...,...
039,2025,...,18267,18258,9470,9450,8797,8808,18.1,65.4,16.5,...,...,...,...,...,...,...,...,...,...,...,40.7,40.9,91.1,93.0,77.9,81.0,106.3,106.5,13,878,...,...,...,...,...,...,...,9162,5771,4864,908,...,2234.72,1423.93,88.1,88.9,...,...,...,...,...,...,11078,...,...,...,...
040,2025,...,16500,16423,8251,8201,8249,8222,12.7,60.9,26.4,...,...,...,...,...,...,...,...,...,...,...,46.8,47.0,207.4,214.6,170.8,177.3,248.4,256.4,4,480,...,...,...,...,...,...,...,7054,6431,5424,1007,...,2439.57,1542.31,96.2,96.3,...,...,...,...,...,...,9757,...,...,...,...
041,2025,...,21895,21816,11244,11203,10651,10613,14.0,63.1,22.9,...,...,...,...,...,...,...,...,...,...,...,44.4,44.6,163.3,166.8,135.7,139.0,194.6,198.6,6,660,...,...,...,...,...,...,...,9546,7179,6567,612,...,2524.59,1592.56,99.5,99.4,...,...,...,...,...,...,11701,...,...,...,...
042,2025,...,2478,2486,1269,1284,1209,1202,14.5,61.1,24.4,...,...,...,...,...,...,...,...,...,...,...,45.6,45.8,168.1,173.3,135.4,137.2,205.4,216.1,1,88,...,...,...,...,...,...,...,974,294,162,132,...,2207.83,1417.64,87.1,88.5,...,...,...,...,...,...,1424,...,...,...,...
043,2025,...,29885,29811,14901,14860,14984,14951,15.8,63.7,20.5,...,...,...,...,...,...,...,...,...,...,...,43.1,43.3,129.5,133.0,113.6,116.9,145.3,149.1,19,1203,...,...,...,...,...,...,...,13836,9500,7942,1559,...,2300.09,1462.66,90.7,91.3,...,...,...,...,...,...,17518,...,...,...,...
044,2025,...,5099,5077,2608,2592,2491,2485,12.9,61.1,26.0,...,...,...,...,...,...,...,...,...,...,...,47.1,47.2,201.7,206.0,172.2,179.9,234.3,233.1,3,161,...,...,...,...,...,...,...,2155,1316,1086,230,...,2413.05,1537.10,95.2,95.9,...,...,...,...,...,...,3541,...,...,...,...
045,2025,...,6673,6632,3318,3299,3355,3333,14.4,63.4,22.2,...,...,...,...,...,...,...,...,...,...,...,44.6,44.8,154.5,156.9,135.4,141.0,174.6,173.3,2,247,...,...,...,...,...,...,...,2990,3344,2975,369,...,2324.99,1483.83,91.7,92.6,...,...,...,...,...,...,4085,...,...,...,...
046,2025,...,4026,3995,2070,2046,1956,1949,13.9,60.0,26.2,...,...,...,...,...,...,...,...,...,...,...,47.0,47.3,188.9,195.2,165.3,168.9,219.3,228.8,4,99,...,...,...,...,...,...,...,1605,952,731,221,...,2224.20,1430.08,87.7,89.3,...,...,...,...,...,...,2691,...,...,...,...
047,2025,...,507,500,257,256,250,244,12.2,63.9,23.9,...,...,...,...,...,...,...,...,...,...,...,47.1,47.8,195.2,201.6,184.4,181.8,206.7,224.1,1,12,...,...,...,...,...,...,...,207,59,40,19,...,2348.41,1551.27,92.6,96.8,...,...,...,...,...,...,321,...,...,...,...
048,2025,...,15555,15566,7789,7811,7766,7755,14.3,60.8,24.9,...,...,...,...,...,...,...,...,...,...,...,45.8,45.8,173.2,177.4,149.2,151.3,198.3,205.6,5,457,...,...,...,...,...,...,...,6258,4783,4311,472,...,2263.71,1453.32,89.3,90.7,...,...,...,...,...,...,8759,...,...,...,...
049,2025,...,3518,3502,1772,1759,1746,1743,12.5,60.9,26.5,...,...,...,...,...,...,...,...,...,...,...,47.5,47.9,211.6,226.8,186.8,202.8,238.0,252.0,2,93,...,...,...,...,...,...,...,1445,793,609,183,...,2093.33,1354.29,82.5,84.5,...,...,...,...,...,...,2594,...,...,...,...
050,2025,...,54430,54560,26990,27080,27440,27480,13.8,63.4,22.8,...,...,...,...,...,...,...,...,...,...,...,45.0,45.2,165.4,170.4,142.8,146.5,188.9,195.5,24,1843,...,...,...,...,...,...,...,24414,25379,22975,2404,...,2542.58,1609.60,100.3,100.5,...,...,...,...,...,...,34227,...,...,...,...
051,2025,...,3002,3009,1529,1525,1473,1484,13.8,63.0,23.3,...,...,...,...,...,...,...,...,...,...,...,46.1,46.2,169.2,176.0,144.0,150.7,199.5,205.9,1,94,...,...,...,...,...,...,...,1261,582,373,209,...,2215.26,1426.45,87.4,89.0,...,...,...,...,...,...,1919,...,...,...,...
052,2025,...,57384,57330,28839,28822,28545,28508,15.2,64.0,20.8,...,...,...,...,...,...,...,...,...,...,...,43.6,43.7,137.2,140.4,111.4,114.1,165.6,169.2,31,2039,...,...,...,...,...,...,...,26096,24829,22046,2784,...,2519.80,1597.20,99.4,99.7,...,...,...,...,...,...,33330,...,...,...,...
053,2025,...,5214,5190,2639,2622,2575,2568,10.6,58.5,30.9,...,...,...,...,...,...,...,...,...,...,...,49.8,50.1,291.1,297.6,248.5,257.1,338.5,340.9,2,171,...,...,...,...,...,...,...,2161,1535,1265,270,...,2233.34,1432.14,88.1,89.4,...,...,...,...,...,...,3190,...,...,...,...
054,2025,...,26175,26186,13336,13365,12839,12821,15.9,62.5,21.6,...,...,...,...,...,...,...,...,...,...,...,43.8,43.9,136.3,139.5,118.0,122.3,155.5,157.3,16,1045,...,...,...,...,...,...,...,11748,10998,9763,1235,...,2617.47,1645.70,103.2,102.7,...,...,...,...,...,...,16804,...,...,...,...
055,2025,...,5072,5032,2674,2635,2398,2397,13.5,64.3,22.2,...,...,...,...,...,...,...,...,...,...,...,45.2,45.4,165.0,170.7,143.8,148.8,190.4,197.0,1,167,...,...,...,...,...,...,...,1914,1067,819,248,...,2031.46,1312.15,80.1,81.9,...,...,...,...,...,...,3098,...,...,...,...
056,2025,...,1630,1639,804,807,826,832,13.7,60.7,25.5,...,...,...,...,...,...,...,...,...,...,...,46.8,46.8,185.7,182.5,147.9,151.3,227.1,215.2,1,50,...,...,...,...,...,...,...,386,300,254,46,...,1853.41,1219.40,73.1,76.1,...,...,...,...,...,...,984,...,...,...,...
057,2025,...,13047,13023,6498,6490,6549,6533,13.9,62.4,23.7,...,...,...,...,...,...,...,...,...,...,...,45.7,45.9,169.6,174.4,149.8,153.6,188.8,195.2,10,444,...,...,...,...,...,...,...,5667,3621,2951,669,...,2135.72,1377.53,84.2,86.0,...,...,...,...,...,...,8037,...,...,...,...
058,2025,...,8574,8612,4293,4301,4281,4311,14.4,61.9,23.7,...,...,...,...,...,...,...,...,...,...,...,45.4,45.5,164.8,167.4,141.1,144.2,190.7,192.4,3,333,...,...,...,...,...,...,...,3308,4135,3769,367,...,2111.93,1359.74,83.3,84.9,...,...,...,...,...,...,5074,...,...,...,...
059,2025,...,10125,10104,5022,5018,5103,5086,11.6,59.2,29.2,...,...,...,...,...,...,...,...,...,...,...,48.8,49.0,251.7,255.7,230.6,236.4,272.5,274.9,7,282,...,...,...,...,...,...,...,4273,4316,3975,341,...,2469.88,1558.70,97.4,97.3,...,...,...,...,...,...,6140,...,...,...,...
060,2025,...,15882,15888,8058,8060,7824,7828,15.3,64.4,20.3,...,...,...,...,...,...,...,...,...,...,...,43.4,43.5,132.6,135.9,110.7,113.0,157.2,162.1,11,640,...,...,...,...,...,...,...,7383,4147,3373,775,...,2161.57,1391.91,85.2,86.9,...,...,...,...,...,...,9242,...,...,...,...
061,2025,...,300354,301268,145719,146433,154635,154835,13.8,65.8,20.5,...,...,...,...,...,...,...,...,...,...,...,43.1,43.2,148.4,150.5,118.4,120.4,180.1,182.4,129,12115,...,...,...,...,...,...,...,136409,249390,233215,16175,...,2895.15,1801.43,114.2,112.4,...,...,...,...,...,...,164686,...,...,...,...
062,2025,...,2524,2503,1271,1253,1253,1250,15.4,63.7,20.9,...,...,...,...,...,...,...,...,...,...,...,44.1,44.5,135.8,142.1,120.9,128.5,151.0,155.6,1,85,...,...,...,...,...,...,...,1171,1346,1128,218,...,2230.14,1431.18,87.9,89.3,...,...,...,...,...,...,1617,...,...,...,...
063,2025,...,10955,10900,5462,5438,5493,5462,12.4,61.1,26.5,...,...,...,...,...,...,...,...,...,...,...,47.3,47.5,214.9,222.3,184.2,188.5,247.9,259.6,6,338,...,...,...,...,...,...,...,4589,4459,3949,510,...,2274.55,1459.75,89.7,91.1,...,...,...,...,...,...,6698,...,...,...,...
064,2025,...,15071,15129,7731,7739,7340,7390,17.7,64.4,17.9,...,...,...,...,...,...,...,...,...,...,...,41.4,41.5,101.0,103.1,81.9,84.5,123.1,124.4,8,678,...,...,...,...,...,...,...,7054,5497,4703,795,...,2460.20,1557.84,97.0,97.2,...,...,...,...,...,...,8818,...,...,...,...
065,2025,...,3506,3497,1820,1812,1686,1685,12.5,63.5,24.0,...,...,...,...,...,...,...,...,...,...,...,46.4,46.7,191.6,205.0,158.5,172.7,230.0,240.9,1,86,...,...,...,...,...,...,...,1657,1386,1211,175,...,1996.48,1281.45,78.7,80.0,...,...,...,...,...,...,2247,...,...,...,...
066,2025,...,1835,1842,943,949,892,893,14.8,60.5,24.7,...,...,...,...,...,...,...,...,...,...,...,45.8,45.9,167.5,171.0,156.7,163.9,178.1,177.9,1,82,...,...,...,...,...,...,...,767,279,200,79,...,2416.15,1576.98,95.3,98.4,...,...,...,...,...,...,1120,...,...,...,...
067,2025,...,1419,1405,720,709,699,696,14.1,62.3,23.6,...,...,...,...,...,...,...,...,...,...,...,45.1,45.4,167.5,176.0,151.0,156.3,183.3,195.8,1,35,...,...,...,...,...,...,...,649,500,318,183,...,2029.09,1323.80,80.0,82.6,...,...,...,...,...,...,903,...,...,...,...
068,2025,...,6186,6202,3160,3157,3026,3045,17.8,65.4,16.9,...,...,...,...,...,...,...,...,...,...,...,40.9,40.9,94.8,95.2,91.3,93.1,98.2,97.2,2,278,...,...,...,...,...,...,...,2985,1925,1531,394,...,2637.89,1637.07,104.0,102.2,...,...,...,...,...,...,3793,...,...,...,...
069,2025,...,3983,3988,2060,2055,1923,1933,13.9,64.6,21.5,...,...,...,...,...,...,...,...,...,...,...,45.1,45.0,154.2,153.2,136.1,136.3,174.2,171.9,1,145,...,...,...,...,...,...,...,1690,508,312,196,...,2255.95,1446.92,89.0,90.3,...,...,...,...,...,...,2533,...,...,...,...
070,2025,...,114301,114053,57014,56883,57287,57170,12.5,63.6,23.9,...,...,...,...,...,...,...,...,...,...,...,45.3,45.3,191.5,192.1,156.6,157.2,227.8,228.4,52,3974,...,...,...,...,...,...,...,45677,65193,60680,4513,...,2452.75,1550.51,96.7,96.8,...,...,...,...,...,...,60175,...,...,...,...
071,2025,...,17296,17425,8669,8721,8627,8704,15.9,62.8,21.3,...,...,...,...,...,...,...,...,...,...,...,43.6,43.7,133.5,134.5,115.5,117.0,152.4,152.8,8,709,...,...,...,...,...,...,...,7869,5023,4155,868,...,2403.07,1528.36,94.8,95.4,...,...,...,...,...,...,10145,...,...,...,...
072,2025,...,8684,8744,4342,4384,4342,4360,16.3,63.6,20.1,...,...,...,...,...,...,...,...,...,...,...,42.9,43.0,123.0,125.1,93.3,96.8,157.4,157.2,1,337,...,...,...,...,...,...,...,4055,4949,4545,403,...,3277.86,2031.61,129.3,126.8,...,...,...,...,...,...,4922,...,...,...,...
073,2025,...,8572,8540,4412,4405,4160,4135,14.9,61.1,24.1,...,...,...,...,...,...,...,...,...,...,...,45.3,45.4,162.0,163.6,138.7,139.8,187.2,189.6,1,312,...,...,...,...,...,...,...,3837,2702,2358,344,...,2148.38,1390.43,84.7,86.8,...,...,...,...,...,...,5431,...,...,...,...
074,2025,...,3518,3520,1791,1794,1727,1726,12.8,61.5,25.6,...,...,...,...,...,...,...,...,...,...,...,46.3,46.3,199.6,205.2,189.3,194.8,208.9,214.8,2,144,...,...,...,...,...,...,...,1436,1623,1492,131,...,2468.80,1555.94,97.3,97.1,...,...,...,...,...,...,1992,...,...,...,...
075,2025,...,5060,5053,2621,2621,2439,2432,13.9,62.2,24.0,...,...,...,...,...,...,...,...,...,...,...,45.8,45.9,173.2,175.8,160.0,164.0,187.1,188.1,6,193,...,...,...,...,...,...,...,2240,1111,890,221,...,2016.37,1307.48,79.5,81.6,...,...,...,...,...,...,3644,...,...,...,...
076,2025,...,4521,4478,2257,2233,2264,2245,14.0,62.7,23.3,...,...,...,...,...,...,...,...,...,...,...,45.2,45.5,165.9,169.4,175.1,179.9,158.5,160.8,2,156,...,...,...,...,...,...,...,2028,861,604,257,...,1845.48,1202.90,72.8,75.1,...,...,...,...,...,...,2837,...,...,...,...
077,2025,...,5670,5689,2830,2843,2840,2846,17.6,65.7,16.7,...,...,...,...,...,...,...,...,...,...,...,40.7,40.9,95.2,98.1,85.5,87.9,105.9,109.1,1,251,...,...,...,...,...,...,...,2669,1016,717,299,...,2148.18,1386.18,84.7,86.5,...,...,...,...,...,...,3567,...,...,...,...
078,2025,...,5957,5948,2993,2993,2964,2955,12.4,61.5,26.1,...,...,...,...,...,...,...,...,...,...,...,47.3,47.4,210.1,216.7,182.3,185.3,240.2,251.3,6,180,...,...,...,...,...,...,...,2418,1314,998,316,...,2094.80,1364.99,82.6,85.2,...,...,...,...,...,...,3717,...,...,...,...
079,2025,...,4503,4457,2261,2249,2242,2208,15.6,63.0,21.4,...,...,...,...,...,...,...,...,...,...,...,43.5,43.7,137.1,138.8,113.4,115.1,165.2,166.7,1,209,...,...,...,...,...,...,...,2095,1150,865,284,...,2195.11,1407.64,86.6,87.9,...,...,...,...,...,...,2767,...,...,...,...
080,2025,...,18429,18436,8930,8937,9499,9499,11.9,60.1,28.0,...,...,...,...,...,...,...,...,...,...,...,48.1,48.2,236.4,239.4,187.3,189.6,290.5,293.7,10,598,...,...,...,...,...,...,...,7015,12989,12259,730,...,2437.56,1549.49,96.1,96.7,...,...,...,...,...,...,10732,...,...,...,...
081,2025,...,3363,3370,1722,1718,1641,1652,13.6,63.0,23.4,...,...,...,...,...,...,...,...,...,...,...,45.3,45.4,171.2,173.2,153.8,159.0,189.3,188.0,1,117,...,...,...,...,...,...,...,1352,1220,1056,164,...,2261.50,1443.91,89.2,90.1,...,...,...,...,...,...,1977,...,...,...,...
082,2025,...,5478,5476,2765,2753,2713,2723,15.3,63.3,21.4,...,...,...,...,...,...,...,...,...,...,...,43.6,43.7,140.6,141.6,117.4,115.6,165.9,170.6,2,267,...,...,...,...,...,...,...,2518,2697,2361,337,...,2404.34,1525.39,94.8,95.2,...,...,...,...,...,...,3394,...,...,...,...
083,2025,...,2686,2676,1386,1391,1300,1285,14.3,65.9,19.8,...,...,...,...,...,...,...,...,...,...,...,43.8,43.9,138.5,143.3,127.0,129.3,149.7,157.1,1,115,...,...,...,...,...,...,...,1326,2694,2526,168,...,2304.44,1512.24,90.9,94.4,...,...,...,...,...,...,1742,...,...,...,...
084,2025,...,31906,31806,16061,15999,15845,15807,13.3,61.2,25.5,...,...,...,...,...,...,...,...,...,...,...,46.5,46.6,191.8,196.1,160.6,163.6,225.3,231.2,17,1058,...,...,...,...,...,...,...,13995,14977,13163,1814,...,2448.63,1565.55,96.6,97.7,...,...,...,...,...,...,21299,...,...,...,...
085,2025,...,38669,38532,19508,19432,19161,19100,16.4,63.6,20.0,...,...,...,...,...,...,...,...,...,...,...,42.8,42.9,121.7,124.7,99.7,102.2,145.0,148.3,23,1662,...,...,...,...,...,...,...,17460,25157,23528,1629,...,2841.30,1784.13,112.0,111.4,...,...,...,...,...,...,23751,...,...,...,...
086,2025,...,1600,1591,802,801,798,790,14.9,63.9,21.1,...,...,...,...,...,...,...,...,...,...,...,44.2,44.3,141.4,145.5,123.8,120.3,159.8,174.1,1,72,...,...,...,...,...,...,...,901,1163,1104,59,...,2038.76,1301.87,80.4,81.3,...,...,...,...,...,...,879,...,...,...,...
087,2025,...,11849,11788,6009,5983,5840,5805,12.6,63.0,24.4,...,...,...,...,...,...,...,...,...,...,...,46.5,46.7,194.4,200.5,157.2,164.4,238.8,243.2,6,353,...,...,...,...,...,...,...,5160,3275,2652,623,...,2269.22,1451.06,89.5,90.6,...,...,...,...,...,...,7286,...,...,...,...
088,2025,...,329,329,176,177,153,152,6.4,54.7,38.9,...,...,...,...,...,...,...,...,...,...,...,54.3,54.5,609.5,586.4,733.3,660.0,516.7,525.0,-,-,...,...,...,...,...,...,...,94,34,22,13,...,z,z,z,z,...,...,...,...,...,...,196,...,...,...,...
089,2025,...,7819,7834,4079,4086,3740,3748,12.0,64.0,24.1,...,...,...,...,...,...,...,...,...,...,...,46.2,46.3,201.2,205.5,192.1,191.8,209.4,218.4,3,246,...,...,...,...,...,...,...,3187,1927,1552,374,...,2168.27,1388.37,85.5,86.7,...,...,...,...,...,...,4863,...,...,...,...
090,2025,...,18113,18171,8980,8977,9133,9194,11.6,61.5,26.9,...,...,...,...,...,...,...,...,...,...,...,47.6,47.7,230.9,233.4,197.4,199.4,267.3,270.3,10,512,...,...,...,...,...,...,...,7577,6469,5558,911,...,2166.57,1394.95,85.4,87.1,...,...,...,...,...,...,10373,...,...,...,...
091,2025,...,6131,6145,3202,3196,2929,2949,14.2,62.5,23.3,...,...,...,...,...,...,...,...,...,...,...,45.0,45.3,164.5,170.5,155.1,159.3,174.4,182.3,4,196,...,...,...,...,...,...,...,2848,1882,1602,280,...,2214.11,1420.33,87.3,88.7,...,...,...,...,...,...,4330,...,...,...,...
092,2025,...,3653,3671,1888,1883,1765,1788,16.1,62.2,21.7,...,...,...,...,...,...,...,...,...,...,...,43.9,44.2,135.3,140.1,132.2,137.1,138.4,143.1,1,160,...,...,...,...,...,...,...,1730,1327,1086,241,...,1981.65,1264.28,78.1,78.9,...,...,...,...,...,...,2303,...,...,...,...
093,2025,...,2228,2244,1145,1148,1083,1096,12.4,62.8,24.8,...,...,...,...,...,...,...,...,...,...,...,46.5,46.4,200.0,198.6,188.4,186.8,211.6,210.6,5,65,...,...,...,...,...,...,...,883,399,236,163,...,2224.76,1440.95,87.7,89.9,...,...,...,...,...,...,1445,...,...,...,...
094,2025,...,17532,17224,9140,8869,8392,8355,15.9,63.3,20.8,...,...,...,...,...,...,...,...,...,...,...,43.3,43.6,130.5,135.2,111.9,116.5,150.8,155.7,5,647,...,...,...,...,...,...,...,7923,6242,5571,671,...,2255.70,1443.68,88.9,90.1,...,...,...,...,...,...,10463,...,...,...,...
095,2025,...,3934,3931,1939,1944,1995,1987,16.3,62.0,21.7,...,...,...,...,...,...,...,...,...,...,...,43.7,43.7,133.4,132.6,114.2,112.4,153.0,153.8,1,229,...,...,...,...,...,...,...,1781,754,532,222,...,2214.70,1429.65,87.3,89.2,...,...,...,...,...,...,2363,...,...,...,...
096,2025,...,23920,23929,12174,12189,11746,11740,12.7,63.0,24.3,...,...,...,...,...,...,...,...,...,...,...,46.3,46.4,190.9,192.1,155.3,154.8,229.5,233.0,12,765,...,...,...,...,...,...,...,11285,15163,14093,1070,...,2294.99,1456.68,90.5,90.9,...,...,...,...,...,...,14658,...,...,...,...
097,2025,...,5818,5810,2861,2868,2957,2942,13.3,61.6,25.1,...,...,...,...,...,...,...,...,...,...,...,46.2,46.4,189.3,191.5,172.4,176.5,205.6,205.8,4,213,...,...,...,...,...,...,...,2152,1157,842,315,...,2465.74,1576.45,97.2,98.4,...,...,...,...,...,...,3610,...,...,...,...
098,2025,...,8167,8230,4152,4173,4015,4057,16.3,64.0,19.7,...,...,...,...,...,...,...,...,...,...,...,43.0,43.0,120.3,120.0,106.6,107.5,134.7,132.8,2,354,...,...,...,...,...,...,...,3667,1993,1581,412,...,2117.51,1364.07,83.5,85.1,...,...,...,...,...,...,5109,...,...,...,...
099,2025,...,4078,4064,2027,2018,2051,2046,13.6,62.1,24.3,...,...,...,...,...,...,...,...,...,...,...,46.3,46.5,178.6,187.0,155.7,165.8,203.8,210.1,1,138,...,...,...,...,...,...,...,1763,1106,960,146,...,2290.82,1470.35,90.3,91.8,...,...,...,...,...,...,2549,...,...,...,...
100,2025,...,5065,5062,2508,2524,2557,2538,11.9,58.8,29.3,...,...,...,...,...,...,...,...,...,...,...,48.9,49.1,247.3,252.8,215.0,218.7,279.7,287.9,2,159,...,...,...,...,...,...,...,1809,1377,1190,186,...,2233.22,1428.87,88.1,89.2,...,...,...,...,...,...,3186,...,...,...,...
101,2025,...,6221,6225,3195,3172,3026,3053,13.6,62.4,24.0,...,...,...,...,...,...,...,...,...,...,...,45.6,45.8,176.8,178.5,155.0,159.7,201.8,199.3,3,211,...,...,...,...,...,...,...,2408,2284,1929,355,...,2288.99,1464.64,90.3,91.4,...,...,...,...,...,...,3706,...,...,...,...
102,2025,...,19373,19352,9527,9531,9846,9821,14.4,61.6,24.0,...,...,...,...,...,...,...,...,...,...,...,45.3,45.4,166.3,170.0,136.6,140.3,199.2,203.0,10,818,...,...,...,...,...,...,...,8407,6861,5684,1177,...,2286.72,1463.06,90.2,91.3,...,...,...,...,...,...,11260,...,...,...,...
103,2025,...,11191,11218,5741,5745,5450,5473,13.5,61.4,25.0,...,...,...,...,...,...,...,...,...,...,...,46.1,46.2,184.9,188.3,159.4,163.0,213.8,216.8,3,378,...,...,...,...,...,...,...,4587,4906,4485,422,...,2457.00,1562.41,96.9,97.5,...,...,...,...,...,...,6438,...,...,...,...
104,2025,...,9854,9861,5007,5013,4847,4848,17.2,61.8,21.0,...,...,...,...,...,...,...,...,...,...,...,43.1,43.1,122.4,124.9,108.1,111.1,137.3,139.3,1,389,...,...,...,...,...,...,...,4424,3549,3093,457,...,2309.62,1474.56,91.1,92.0,...,...,...,...,...,...,5739,...,...,...,...
105,2025,...,3046,3022,1542,1527,1504,1495,14.1,62.8,23.1,...,...,...,...,...,...,...,...,...,...,...,45.6,45.9,164.3,170.2,138.7,139.3,195.4,209.1,3,107,...,...,...,...,...,...,...,749,350,235,115,...,2090.76,1352.59,82.4,84.4,...,...,...,...,...,...,1849,...,...,...,...
106,2025,...,11674,11669,6033,6030,5641,5639,13.3,65.0,21.7,...,...,...,...,...,...,...,...,...,...,...,45.0,45.2,163.5,169.2,134.8,137.9,194.7,204.5,4,368,...,...,...,...,...,...,...,5522,6009,5435,574,...,2112.40,1354.88,83.3,84.6,...,...,...,...,...,...,7033,...,...,...,...
107,2025,...,3088,3088,1595,1589,1493,1499,12.9,66.0,21.1,...,...,...,...,...,...,...,...,...,...,...,45.3,45.4,163.6,167.4,135.0,141.9,193.3,192.9,1,100,...,...,...,...,...,...,...,1351,729,580,149,...,2076.46,1331.64,81.9,83.1,...,...,...,...,...,...,1844,...,...,...,...
108,2025,...,7175,7137,3668,3651,3507,3486,12.2,64.1,23.7,...,...,...,...,...,...,...,...,...,...,...,46.2,46.4,194.4,200.6,181.0,184.0,207.4,217.2,2,181,...,...,...,...,...,...,...,3013,2044,1796,248,...,2464.49,1575.70,97.2,98.4,...,...,...,...,...,...,4169,...,...,...,...
109,2025,...,3816,3809,1965,1957,1851,1852,15.1,61.1,23.7,...,...,...,...,...,...,...,...,...,...,...,45.0,45.1,156.7,160.6,153.2,158.5,160.1,162.6,1,174,...,...,...,...,...,...,...,1632,1093,942,151,...,2018.56,1326.07,79.6,82.8,...,...,...,...,...,...,2418,...,...,...,...
110,2025,...,17555,17554,8978,8986,8577,8568,14.2,61.7,24.1,...,...,...,...,...,...,...,...,...,...,...,45.7,45.8,169.9,170.8,152.1,153.6,188.2,188.7,8,670,...,...,...,...,...,...,...,7763,5618,4797,821,...,2273.94,1453.55,89.7,90.7,...,...,...,...,...,...,11045,...,...,...,...
111,2025,...,13729,13711,6961,6943,6768,6768,13.6,61.6,24.7,...,...,...,...,...,...,...,...,...,...,...,46.2,46.4,181.4,186.4,158.2,163.4,205.2,209.9,6,469,...,...,...,...,...,...,...,5919,6143,5287,857,...,2220.30,1424.28,87.6,88.9,...,...,...,...,...,...,9218,...,...,...,...
112,2025,...,17067,17082,8583,8590,8484,8492,14.9,62.7,22.4,...,...,...,...,...,...,...,...,...,...,...,44.5,44.6,149.9,153.4,131.2,135.9,169.0,170.9,8,681,...,...,...,...,...,...,...,7498,8229,7295,934,...,2382.60,1509.03,94.0,94.2,...,...,...,...,...,...,10237,...,...,...,...
113,2025,...,26265,26254,13260,13243,13005,13011,15.2,64.0,20.8,...,...,...,...,...,...,...,...,...,...,...,43.8,43.9,137.0,140.1,117.3,119.9,158.3,161.9,14,1058,...,...,...,...,...,...,...,11623,9258,7943,1314,...,2393.29,1525.47,94.4,95.2,...,...,...,...,...,...,16031,...,...,...,...
114,2025,...,15515,15481,8038,7993,7477,7488,15.4,65.1,19.5,...,...,...,...,...,...,...,...,...,...,...,43.1,43.3,126.5,129.8,111.2,114.0,142.2,146.1,10,713,...,...,...,...,...,...,...,7293,6255,5534,721,...,2143.46,1383.03,84.5,86.3,...,...,...,...,...,...,9381,...,...,...,...
115,2025,...,4128,4125,2074,2067,2054,2058,12.7,63.8,23.5,...,...,...,...,...,...,...,...,...,...,...,45.8,45.9,184.9,190.6,163.7,175.5,207.5,205.4,2,129,...,...,...,...,...,...,...,1740,651,453,197,...,2026.68,1303.56,79.9,81.4,...,...,...,...,...,...,2555,...,...,...,...
116,2025,...,2795,2803,1397,1396,1398,1407,14.6,65.0,20.4,...,...,...,...,...,...,...,...,...,...,...,44.3,44.4,140.0,143.0,137.4,141.1,142.3,144.6,1,90,...,...,...,...,...,...,...,1162,569,326,243,...,2221.98,1445.18,87.6,90.2,...,...,...,...,...,...,1841,...,...,...,...
117,2025,...,8875,8953,4446,4466,4429,4487,16.2,64.3,19.5,...,...,...,...,...,...,...,...,...,...,...,42.4,43.0,120.1,129.8,105.5,112.5,135.7,148.4,4,349,...,...,...,...,...,...,...,4160,3387,2825,562,...,2636.74,1658.40,104.0,103.5,...,...,...,...,...,...,5750,...,...,...,...
118,2025,...,8386,8382,4222,4233,4164,4149,13.7,64.2,22.0,...,...,...,...,...,...,...,...,...,...,...,44.9,44.9,160.9,163.1,139.8,144.0,184.4,184.3,3,298,...,...,...,...,...,...,...,2835,1889,1624,265,...,2453.98,1570.34,96.8,98.0,...,...,...,...,...,...,5096,...,...,...,...
119,2025,...,7438,7419,3869,3835,3569,3584,18.5,62.7,18.8,...,...,...,...,...,...,...,...,...,...,...,41.8,41.8,101.6,102.5,89.7,90.9,115.0,115.7,3,342,...,...,...,...,...,...,...,3338,2383,2027,357,...,2513.28,1581.24,99.1,98.7,...,...,...,...,...,...,4714,...,...,...,...
120,2025,...,19646,19710,9958,10002,9688,9708,15.1,63.4,21.6,...,...,...,...,...,...,...,...,...,...,...,44.1,44.2,143.2,146.9,126.1,129.0,161.3,165.9,12,811,...,...,...,...,...,...,...,8867,5642,4558,1083,...,2111.38,1366.18,83.3,85.3,...,...,...,...,...,...,12321,...,...,...,...
121,2025,...,3577,3543,1884,1852,1693,1691,18.4,65.5,16.2,...,...,...,...,...,...,...,...,...,...,...,40.4,40.4,88.0,88.3,77.4,78.5,100.0,99.7,1,152,...,...,...,...,...,...,...,1562,589,405,184,...,2386.45,1517.19,94.1,94.7,...,...,...,...,...,...,2214,...,...,...,...
122,2025,...,23884,23845,11884,11860,12000,11985,16.3,62.9,20.8,...,...,...,...,...,...,...,...,...,...,...,43.0,43.1,127.1,129.8,104.7,107.1,151.1,154.1,11,1021,...,...,...,...,...,...,...,10888,10795,9608,1186,...,2394.41,1526.17,94.4,95.3,...,...,...,...,...,...,13408,...,...,...,...
123,2025,...,12124,12176,6112,6128,6012,6048,17.0,64.7,18.3,...,...,...,...,...,...,...,...,...,...,...,41.8,41.9,107.6,109.2,91.1,91.5,125.5,128.4,6,399,...,...,...,...,...,...,...,5595,2894,2392,502,...,2460.19,1569.02,97.0,97.9,...,...,...,...,...,...,6762,...,...,...,...
124,2025,...,10512,10506,5302,5298,5210,5208,15.4,63.3,21.3,...,...,...,...,...,...,...,...,...,...,...,44.3,44.4,138.2,141.2,125.3,126.5,150.9,156.1,8,399,...,...,...,...,...,...,...,4706,2871,2277,594,...,2308.51,1467.71,91.0,91.6,...,...,...,...,...,...,6684,...,...,...,...
125,2025,...,3407,3408,1765,1769,1642,1639,15.1,63.8,21.0,...,...,...,...,...,...,...,...,...,...,...,43.8,44.2,138.8,146.9,123.3,129.6,156.4,166.8,2,165,...,...,...,...,...,...,...,1546,577,427,150,...,2151.72,1405.12,84.8,87.7,...,...,...,...,...,...,2137,...,...,...,...
126,2025,...,9007,9001,4671,4652,4336,4349,14.8,64.3,20.9,...,...,...,...,...,...,...,...,...,...,...,44.0,44.1,141.0,145.4,119.9,122.3,165.6,172.6,3,353,...,...,...,...,...,...,...,4099,2630,2207,423,...,2319.71,1481.76,91.5,92.5,...,...,...,...,...,...,5202,...,...,...,...
127,2025,...,4481,4526,2312,2338,2169,2188,13.5,62.1,24.3,...,...,...,...,...,...,...,...,...,...,...,45.8,45.8,179.7,183.9,149.4,155.3,211.4,212.6,1,193,...,...,...,...,...,...,...,2004,1962,1816,146,...,2520.62,1619.34,99.4,101.1,...,...,...,...,...,...,2526,...,...,...,...
128,2025,...,10754,10719,5450,5435,5304,5284,13.5,58.5,27.9,...,...,...,...,...,...,...,...,...,...,...,47.6,47.8,206.3,211.3,179.2,185.8,235.1,238.1,6,333,...,...,...,...,...,...,...,4352,3913,3274,638,...,2285.08,1477.90,90.1,92.3,...,...,...,...,...,...,6914,...,...,...,...
129,2025,...,16002,16019,7966,7985,8036,8034,12.6,61.0,26.4,...,...,...,...,...,...,...,...,...,...,...,47.1,47.1,209.5,213.8,177.5,180.6,242.9,248.8,5,471,...,...,...,...,...,...,...,6635,4281,3805,476,...,2523.27,1597.23,99.5,99.7,...,...,...,...,...,...,8565,...,...,...,...
130,2025,...,13695,13756,7116,7178,6579,6578,17.5,64.7,17.8,...,...,...,...,...,...,...,...,...,...,...,41.8,42.0,102.0,104.5,91.5,94.0,112.7,115.4,4,668,...,...,...,...,...,...,...,6661,5369,4573,796,...,2374.56,1526.74,93.6,95.3,...,...,...,...,...,...,8700,...,...,...,...
131,2025,...,15110,15043,7617,7562,7493,7481,13.7,62.3,23.9,...,...,...,...,...,...,...,...,...,...,...,45.6,45.8,174.3,178.9,151.5,154.8,197.2,202.9,3,517,...,...,...,...,...,...,...,6629,3821,3113,708,...,2228.03,1429.84,87.9,89.3,...,...,...,...,...,...,8932,...,...,...,...
132,2025,...,3112,3079,1538,1516,1574,1563,12.9,64.3,22.8,...,...,...,...,...,...,...,...,...,...,...,45.9,46.1,175.9,181.2,142.9,143.7,214.5,226.3,1,94,...,...,...,...,...,...,...,1284,833,736,97,...,1894.56,1237.48,74.7,77.2,...,...,...,...,...,...,1861,...,...,...,...
133,2025,...,33930,33798,17321,17203,16609,16595,14.7,63.4,22.0,...,...,...,...,...,...,...,...,...,...,...,44.1,44.3,149.6,154.3,135.2,139.3,164.2,169.4,12,1164,...,...,...,...,...,...,...,14970,16599,15408,1192,...,2360.00,1508.04,93.1,94.1,...,...,...,...,...,...,18551,...,...,...,...
134,2025,...,4564,4544,2358,2342,2206,2202,16.7,62.8,20.5,...,...,...,...,...,...,...,...,...,...,...,42.9,43.2,123.0,125.5,115.2,117.9,130.9,133.3,1,195,...,...,...,...,...,...,...,2116,859,588,271,...,2004.86,1301.92,79.1,81.3,...,...,...,...,...,...,2802,...,...,...,...
135,2025,...,5612,5623,2984,2980,2628,2643,13.9,65.3,20.8,...,...,...,...,...,...,...,...,...,...,...,44.7,44.9,150.4,155.8,144.3,149.9,156.9,162.2,1,177,...,...,...,...,...,...,...,2525,887,651,236,...,2137.03,1371.31,84.3,85.6,...,...,...,...,...,...,3537,...,...,...,...
136,2025,...,5875,5888,2968,2982,2907,2906,16.8,61.5,21.7,...,...,...,...,...,...,...,...,...,...,...,43.4,43.5,128.8,131.1,112.4,113.6,146.3,150.1,5,278,...,...,...,...,...,...,...,2655,2048,1688,360,...,2223.06,1434.68,87.7,89.6,...,...,...,...,...,...,3893,...,...,...,...
137,2025,...,2202,2192,1168,1165,1034,1027,15.2,63.7,21.1,...,...,...,...,...,...,...,...,...,...,...,44.0,44.3,138.8,148.3,121.8,128.4,157.1,170.7,1,70,...,...,...,...,...,...,...,1034,514,353,161,...,2075.41,1351.83,81.8,84.4,...,...,...,...,...,...,1368,...,...,...,...
138,2025,...,5234,5273,2662,2685,2572,2588,16.9,66.1,17.1,...,...,...,...,...,...,...,...,...,...,...,41.4,41.4,101.4,99.7,92.4,90.0,111.1,110.5,3,234,...,...,...,...,...,...,...,2499,1149,852,297,...,2078.92,1331.76,82.0,83.1,...,...,...,...,...,...,3117,...,...,...,...
139,2025,...,9333,9376,4703,4732,4630,4644,14.9,63.6,21.5,...,...,...,...,...,...,...,...,...,...,...,44.3,44.4,143.6,146.6,124.5,128.7,163.6,165.1,7,457,...,...,...,...,...,...,...,4213,2161,1732,429,...,2348.43,1520.77,92.6,94.9,...,...,...,...,...,...,5912,...,...,...,...
140,2025,...,18206,18269,9241,9260,8965,9009,16.0,64.4,19.6,...,...,...,...,...,...,...,...,...,...,...,42.8,42.9,122.6,126.3,105.1,108.7,141.3,145.0,7,749,...,...,...,...,...,...,...,8469,5017,4137,880,...,2352.83,1498.72,92.8,93.5,...,...,...,...,...,...,10597,...,...,...,...
141,2025,...,2621,2593,1324,1317,1297,1276,15.6,61.9,22.5,...,...,...,...,...,...,...,...,...,...,...,44.6,44.8,144.0,145.4,135.2,138.1,153.6,153.3,1,95,...,...,...,...,...,...,...,1066,486,340,145,...,2403.97,1534.36,94.8,95.8,...,...,...,...,...,...,1651,...,...,...,...
142,2025,...,16379,16342,8230,8229,8149,8113,14.4,62.3,23.2,...,...,...,...,...,...,...,...,...,...,...,45.0,45.1,161.2,163.0,132.4,134.9,194.3,195.0,5,577,...,...,...,...,...,...,...,7245,4492,3867,625,...,2284.76,1467.08,90.1,91.6,...,...,...,...,...,...,9417,...,...,...,...
143,2025,...,1471,1454,790,775,681,679,10.3,70.3,19.4,...,...,...,...,...,...,...,...,...,...,...,45.2,45.5,187.5,189.6,192.5,188.6,183.5,190.5,1,37,...,...,...,...,...,...,...,694,275,220,55,...,2473.12,1526.69,97.5,95.3,...,...,...,...,...,...,940,...,...,...,...
144,2025,...,6654,6681,3432,3432,3222,3249,14.9,65.2,19.9,...,...,...,...,...,...,...,...,...,...,...,43.5,43.6,133.5,135.4,122.2,121.4,145.3,150.3,3,296,...,...,...,...,...,...,...,3159,3735,3369,365,...,2302.13,1470.92,90.8,91.8,...,...,...,...,...,...,4110,...,...,...,...
146,2025,...,6670,6638,3488,3472,3182,3166,16.9,63.7,19.4,...,...,...,...,...,...,...,...,...,...,...,42.1,42.3,114.8,118.2,96.9,100.8,135.6,138.2,2,320,...,...,...,...,...,...,...,3080,2778,2449,329,...,2217.00,1429.86,87.4,89.3,...,...,...,...,...,...,3959,...,...,...,...
147,2025,...,5106,5128,2591,2596,2515,2532,16.6,62.9,20.5,...,...,...,...,...,...,...,...,...,...,...,42.9,43.1,123.3,126.7,100.7,102.0,149.5,155.8,2,256,...,...,...,...,...,...,...,2360,2261,2030,232,...,2260.60,1454.02,89.1,90.8,...,...,...,...,...,...,3022,...,...,...,...
148,2025,...,2738,2744,1384,1390,1354,1354,16.4,67.8,15.8,...,...,...,...,...,...,...,...,...,...,...,40.6,40.6,96.0,96.9,85.0,87.7,107.1,106.1,1,134,...,...,...,...,...,...,...,1143,499,342,156,...,2112.46,1363.76,83.3,85.1,...,...,...,...,...,...,1717,...,...,...,...
149,2025,...,1335,1333,674,673,661,660,13.2,63.5,23.3,...,...,...,...,...,...,...,...,...,...,...,46.1,46.4,176.7,189.3,153.3,167.4,202.4,212.2,1,46,...,...,...,...,...,...,...,585,234,120,114,...,2293.15,1466.11,90.4,91.5,...,...,...,...,...,...,905,...,...,...,...
150,2025,...,1554,1560,834,840,720,720,16.0,62.9,21.2,...,...,...,...,...,...,...,...,...,...,...,44.4,44.3,132.7,132.7,110.9,112.2,160.0,158.0,1,72,...,...,...,...,...,...,...,724,292,173,119,...,2106.31,1366.63,83.1,85.3,...,...,...,...,...,...,1029,...,...,...,...
151,2025,...,5919,5939,3045,3027,2874,2912,15.7,62.8,21.5,...,...,...,...,...,...,...,...,...,...,...,44.1,44.1,136.9,139.0,114.7,119.4,162.4,160.5,2,232,...,...,...,...,...,...,...,2684,1257,889,368,...,2181.41,1403.76,86.0,87.6,...,...,...,...,...,...,3672,...,...,...,...
152,2025,...,1754,1749,883,872,871,877,12.8,63.3,23.9,...,...,...,...,...,...,...,...,...,...,...,46.1,46.4,186.2,188.5,170.2,175.7,202.7,200.9,1,86,...,...,...,...,...,...,...,581,316,195,121,...,2081.27,1343.41,82.1,83.9,...,...,...,...,...,...,1148,...,...,...,...
153,2025,...,2254,2268,1202,1206,1052,1062,16.5,66.3,17.2,...,...,...,...,...,...,...,...,...,...,...,41.5,41.5,104.3,107.0,82.5,85.6,131.3,134.1,1,95,...,...,...,...,...,...,...,1001,411,302,110,...,1980.33,1297.67,78.1,81.0,...,...,...,...,...,...,1418,...,...,...,...
154,2025,...,960,958,469,467,491,491,17.4,62.2,20.4,...,...,...,...,...,...,...,...,...,...,...,42.8,42.8,117.4,118.1,98.8,100.0,136.6,137.0,1,91,...,...,...,...,...,...,...,447,237,169,68,...,2307.35,1469.78,91.0,91.7,...,...,...,...,...,...,630,...,...,...,...
155,2025,...,2324,2327,1212,1207,1112,1120,16.2,64.4,19.4,...,...,...,...,...,...,...,...,...,...,...,42.7,42.8,119.6,120.8,114.1,114.3,125.4,127.4,2,123,...,...,...,...,...,...,...,1042,752,632,120,...,2342.96,1513.06,92.4,94.4,...,...,...,...,...,...,1335,...,...,...,...
156,2025,...,1238,1236,617,612,621,624,12.0,61.7,26.3,...,...,...,...,...,...,...,...,...,...,...,47.5,47.3,220.3,211.0,233.3,206.5,208.9,215.6,1,25,...,...,...,...,...,...,...,480,239,191,48,...,2138.81,1379.47,84.3,86.1,...,...,...,...,...,...,760,...,...,...,...
157,2025,...,3680,3663,1884,1867,1796,1796,15.7,63.9,20.5,...,...,...,...,...,...,...,...,...,...,...,43.4,43.6,130.9,135.6,120.2,124.3,141.9,147.3,1,127,...,...,...,...,...,...,...,1674,768,615,153,...,2201.82,1418.13,86.8,88.5,...,...,...,...,...,...,2340,...,...,...,...
158,2025,...,1969,1944,985,967,984,977,12.7,61.1,26.1,...,...,...,...,...,...,...,...,...,...,...,47.4,47.6,204.8,209.0,230.3,236.8,185.2,187.7,1,49,...,...,...,...,...,...,...,588,225,152,73,...,2239.44,1443.79,88.3,90.1,...,...,...,...,...,...,1267,...,...,...,...
159,2025,...,4059,4105,2149,2174,1910,1931,14.0,63.0,23.0,...,...,...,...,...,...,...,...,...,...,...,44.7,44.5,164.1,158.5,149.3,143.1,180.0,175.1,1,127,...,...,...,...,...,...,...,1942,1153,965,189,...,2200.40,1381.06,86.8,86.2,...,...,...,...,...,...,2630,...,...,...,...
160,2025,...,11913,11940,6121,6125,5792,5815,14.2,62.5,23.4,...,...,...,...,...,...,...,...,...,...,...,45.4,45.7,165.1,168.7,142.6,144.2,189.2,195.3,3,410,...,...,...,...,...,...,...,5176,5343,4831,512,...,2576.71,1610.12,101.6,100.5,...,...,...,...,...,...,7337,...,...,...,...
161,2025,...,335,332,171,171,164,161,9.3,54.0,36.7,...,...,...,...,...,...,...,...,...,...,...,52.7,52.5,396.8,390.3,650.0,650.0,276.2,266.7,1,5,...,...,...,...,...,...,...,98,35,17,18,...,1861.60,1217.31,73.4,76.0,...,...,...,...,...,...,152,...,...,...,...
162,2025,...,3051,3074,1533,1529,1518,1545,17.2,59.7,23.1,...,...,...,...,...,...,...,...,...,...,...,43.9,44.0,134.3,137.0,108.5,113.3,163.9,162.6,1,152,...,...,...,...,...,...,...,1301,1160,961,199,...,2560.99,1638.79,101.0,102.3,...,...,...,...,...,...,1774,...,...,...,...
163,2025,...,681,683,343,342,338,341,16.6,58.9,24.5,...,...,...,...,...,...,...,...,...,...,...,44.6,44.5,147.8,143.6,152.7,150.9,143.1,136.7,-,-,...,...,...,...,...,...,...,300,136,79,57,...,2088.56,1353.94,82.4,84.5,...,...,...,...,...,...,402,...,...,...,...
164,2025,...,6761,6741,3441,3433,3320,3308,18.3,65.7,15.9,...,...,...,...,...,...,...,...,...,...,...,40.2,40.4,86.9,89.5,80.1,82.3,94.0,97.0,2,304,...,...,...,...,...,...,...,3290,4892,4506,386,...,2550.95,1611.29,100.6,100.6,...,...,...,...,...,...,4459,...,...,...,...
165,2025,...,610,605,320,315,290,290,8.9,56.6,34.6,...,...,...,...,...,...,...,...,...,...,...,52.3,52.2,390.7,396.2,318.8,340.0,495.5,469.6,1,9,...,...,...,...,...,...,...,216,122,103,19,...,2160.37,1408.86,85.2,87.9,...,...,...,...,...,...,394,...,...,...,...
166,2025,...,3528,3547,1835,1830,1693,1717,12.4,62.2,25.4,...,...,...,...,...,...,...,...,...,...,...,47.0,46.8,204.6,201.6,181.4,178.5,230.4,226.9,1,114,...,...,...,...,...,...,...,1465,1028,849,179,...,2501.26,1598.25,98.6,99.8,...,...,...,...,...,...,2101,...,...,...,...
167,2025,...,2944,2969,1512,1530,1432,1439,13.4,62.4,24.2,...,...,...,...,...,...,...,...,...,...,...,46.0,46.1,180.5,188.9,175.4,179.7,185.5,197.9,1,92,...,...,...,...,...,...,...,1246,510,379,131,...,2139.39,1388.46,84.4,86.7,...,...,...,...,...,...,1753,...,...,...,...
168,2025,...,4073,4078,2082,2079,1991,1999,14.6,65.2,20.2,...,...,...,...,...,...,...,...,...,...,...,44.3,44.4,138.4,142.7,121.4,124.0,154.6,160.7,1,150,...,...,...,...,...,...,...,1918,961,756,204,...,2317.94,1472.21,91.4,91.9,...,...,...,...,...,...,2465,...,...,...,...
169,2025,...,7261,7263,3797,3795,3464,3468,14.0,64.4,21.5,...,...,...,...,...,...,...,...,...,...,...,44.6,44.7,153.1,155.4,142.7,148.3,163.5,162.3,1,236,...,...,...,...,...,...,...,3039,1388,1159,229,...,2004.41,1293.02,79.0,80.7,...,...,...,...,...,...,4289,...,...,...,...
170,2025,...,3203,3246,1660,1673,1543,1573,18.5,62.8,18.7,...,...,...,...,...,...,...,...,...,...,...,41.6,41.4,100.8,101.8,89.6,92.4,113.7,112.2,1,180,...,...,...,...,...,...,...,1462,558,404,154,...,2058.92,1338.40,81.2,83.5,...,...,...,...,...,...,2012,...,...,...,...
171,2025,...,4203,4206,2167,2169,2036,2037,16.1,63.8,20.1,...,...,...,...,...,...,...,...,...,...,...,43.2,43.4,125.2,130.6,115.7,122.4,135.0,139.1,2,160,...,...,...,...,...,...,...,1891,693,474,219,...,1965.66,1277.62,77.5,79.7,...,...,...,...,...,...,2614,...,...,...,...
172,2025,...,1821,1818,946,954,875,864,12.2,64.7,23.1,...,...,...,...,...,...,...,...,...,...,...,46.8,46.9,189.6,194.0,189.9,194.4,189.4,193.6,1,58,...,...,...,...,...,...,...,809,386,288,98,...,2429.75,1548.35,95.8,96.6,...,...,...,...,...,...,1161,...,...,...,...
173,2025,...,6629,6697,3272,3312,3357,3385,14.9,63.5,21.5,...,...,...,...,...,...,...,...,...,...,...,44.1,44.2,144.4,144.7,124.7,123.1,162.8,165.6,1,274,...,...,...,...,...,...,...,3039,1483,1174,309,...,2214.75,1424.12,87.3,88.9,...,...,...,...,...,...,4047,...,...,...,...
174,2025,...,5317,5311,2652,2649,2665,2662,15.6,61.0,23.3,...,...,...,...,...,...,...,...,...,...,...,44.7,44.9,149.5,153.9,121.4,127.9,181.1,182.3,1,192,...,...,...,...,...,...,...,2347,2289,2069,220,...,2260.79,1501.11,89.1,93.7,...,...,...,...,...,...,3123,...,...,...,...
175,2025,...,6701,6706,3400,3408,3301,3298,14.0,60.4,25.7,...,...,...,...,...,...,...,...,...,...,...,46.2,46.3,183.8,185.7,155.9,158.6,214.1,215.4,2,259,...,...,...,...,...,...,...,2619,1743,1489,255,...,2291.17,1464.62,90.3,91.4,...,...,...,...,...,...,3786,...,...,...,...
176,2025,...,1216,1229,629,631,587,598,15.1,60.9,23.9,...,...,...,...,...,...,...,...,...,...,...,45.8,45.8,158.2,162.5,128.6,138.5,191.9,186.0,1,35,...,...,...,...,...,...,...,475,142,97,45,...,2107.28,1373.99,83.1,85.8,...,...,...,...,...,...,743,...,...,...,...
177,2025,...,1099,1082,556,549,543,533,13.6,62.9,23.5,...,...,...,...,...,...,...,...,...,...,...,45.6,46.1,172.0,187.4,170.8,174.0,173.1,201.4,1,37,...,...,...,...,...,...,...,418,122,65,57,...,2393.44,1573.36,94.4,98.2,...,...,...,...,...,...,662,...,...,...,...
178,2025,...,4402,4363,2279,2254,2123,2109,12.8,63.1,24.1,...,...,...,...,...,...,...,...,...,...,...,46.4,46.5,187.8,191.8,154.4,162.0,235.0,232.8,2,131,...,...,...,...,...,...,...,1828,1036,824,212,...,1957.44,1270.42,77.2,79.3,...,...,...,...,...,...,2713,...,...,...,...
179,2025,...,2318,2338,1193,1206,1125,1132,18.2,60.7,21.1,...,...,...,...,...,...,...,...,...,...,...,42.7,42.5,115.6,116.2,109.2,110.1,121.8,122.0,1,133,...,...,...,...,...,...,...,1015,487,365,122,...,1973.14,1287.73,77.8,80.4,...,...,...,...,...,...,1384,...,...,...,...
180,2025,...,504,494,254,250,250,244,15.3,59.3,25.4,...,...,...,...,...,...,...,...,...,...,...,46.4,46.7,166.2,182.4,128.6,136.6,211.4,239.4,1,16,...,...,...,...,...,...,...,220,215,120,95,...,2240.20,1431.84,88.3,89.4,...,...,...,...,...,...,323,...,...,...,...
181,2025,...,2376,2372,1213,1204,1163,1168,15.2,65.4,19.4,...,...,...,...,...,...,...,...,...,...,...,43.3,43.7,127.1,133.8,114.4,123.0,140.6,145.1,1,95,...,...,...,...,...,...,...,856,342,173,169,...,2235.98,1439.34,88.2,89.8,...,...,...,...,...,...,1472,...,...,...,...
182,2025,...,1184,1193,618,624,566,569,17.0,64.9,18.1,...,...,...,...,...,...,...,...,...,...,...,42.3,42.3,106.5,108.4,88.7,90.7,126.3,128.7,1,47,...,...,...,...,...,...,...,498,196,110,86,...,1909.86,1247.18,75.3,77.8,...,...,...,...,...,...,751,...,...,...,...
183,2025,...,6383,6440,3194,3225,3189,3215,13.7,58.0,28.3,...,...,...,...,...,...,...,...,...,...,...,47.8,47.8,206.6,207.8,173.8,169.7,242.2,251.0,1,226,...,...,...,...,...,...,...,2783,5485,5123,362,...,2579.11,1628.50,101.7,101.7,...,...,...,...,...,...,4367,...,...,...,...
184,2025,...,1789,1804,914,923,875,881,18.9,63.4,17.7,...,...,...,...,...,...,...,...,...,...,...,41.5,41.5,93.5,95.6,92.2,95.3,94.8,95.9,1,126,...,...,...,...,...,...,...,857,250,134,116,...,1995.36,1306.86,78.7,81.6,...,...,...,...,...,...,1136,...,...,...,...
185,2025,...,1397,1409,716,713,681,696,17.1,66.6,16.2,...,...,...,...,...,...,...,...,...,...,...,41.5,41.6,95.0,102.6,90.0,100.9,100.0,104.2,1,45,...,...,...,...,...,...,...,575,189,111,78,...,2089.93,1353.32,82.4,84.5,...,...,...,...,...,...,924,...,...,...,...
186,2025,...,4026,4005,2001,2001,2025,2004,15.1,61.5,23.3,...,...,...,...,...,...,...,...,...,...,...,44.4,44.6,154.4,157.5,127.7,130.6,184.0,187.9,2,200,...,...,...,...,...,...,...,1823,5977,5734,243,...,2577.31,1619.25,101.6,101.1,...,...,...,...,...,...,3123,...,...,...,...
187,2025,...,1392,1384,703,699,689,685,11.5,60.8,27.7,...,...,...,...,...,...,...,...,...,...,...,48.1,48.6,240.6,257.2,201.2,211.0,286.5,311.4,1,42,...,...,...,...,...,...,...,582,251,213,38,...,1900.94,1240.50,75.0,77.4,...,...,...,...,...,...,907,...,...,...,...
188,2025,...,1379,1372,684,684,695,688,14.9,59.3,25.7,...,...,...,...,...,...,...,...,...,...,...,46.5,46.5,172.3,174.0,129.3,132.5,236.1,233.3,1,53,...,...,...,...,...,...,...,555,342,266,76,...,2200.19,1417.95,86.8,88.5,...,...,...,...,...,...,789,...,...,...,...
189,2025,...,2763,2779,1393,1407,1370,1372,16.5,63.0,20.5,...,...,...,...,...,...,...,...,...,...,...,43.1,43.2,124.6,127.9,113.2,118.3,136.8,137.9,1,149,...,...,...,...,...,...,...,1273,782,598,184,...,2149.11,1386.24,84.7,86.5,...,...,...,...,...,...,1720,...,...,...,...
190,2025,...,21823,21805,11094,11114,10729,10691,13.9,63.0,23.2,...,...,...,...,...,...,...,...,...,...,...,45.0,45.1,166.9,170.3,146.9,150.7,187.5,190.4,13,771,...,...,...,...,...,...,...,9662,9224,8092,1131,...,2309.37,1474.33,91.1,92.0,...,...,...,...,...,...,13424,...,...,...,...
191,2025,...,1318,1303,711,703,607,600,15.5,64.2,20.3,...,...,...,...,...,...,...,...,...,...,...,44.3,44.4,131.4,134.5,120.4,124.3,145.1,147.2,1,46,...,...,...,...,...,...,...,596,161,87,74,...,2180.04,1410.85,86.0,88.1,...,...,...,...,...,...,802,...,...,...,...
192,2025,...,4525,4506,2297,2277,2228,2229,15.2,60.7,24.1,...,...,...,...,...,...,...,...,...,...,...,45.2,45.4,158.6,162.2,134.0,140.3,187.4,187.1,1,168,...,...,...,...,...,...,...,2005,846,616,231,...,2845.01,1770.51,112.2,110.5,...,...,...,...,...,...,2807,...,...,...,...
193,2025,...,4691,4727,2402,2416,2289,2311,16.6,65.8,17.6,...,...,...,...,...,...,...,...,...,...,...,42.0,42.0,105.8,105.6,90.3,92.0,123.2,120.5,2,224,...,...,...,...,...,...,...,2269,1123,876,247,...,2192.61,1407.45,86.5,87.9,...,...,...,...,...,...,3013,...,...,...,...
194,2025,...,5810,5830,2943,2941,2867,2889,16.7,61.7,21.5,...,...,...,...,...,...,...,...,...,...,...,43.1,43.1,128.8,129.3,112.6,115.2,146.1,143.9,12,268,...,...,...,...,...,...,...,2586,1562,1255,307,...,1992.40,1292.03,78.6,80.6,...,...,...,...,...,...,3496,...,...,...,...
195,2025,...,3563,3551,1794,1784,1769,1767,13.3,64.3,22.4,...,...,...,...,...,...,...,...,...,...,...,45.7,46.0,168.7,177.0,154.2,160.7,183.7,193.8,1,129,...,...,...,...,...,...,...,1068,526,348,177,...,2113.91,1377.99,83.4,86.0,...,...,...,...,...,...,2241,...,...,...,...
196,2025,...,2364,2362,1321,1313,1043,1049,11.1,67.3,21.6,...,...,...,...,...,...,...,...,...,...,...,45.7,45.6,195.0,188.6,176.0,172.8,219.0,208.2,1,55,...,...,...,...,...,...,...,1079,409,332,77,...,2265.89,1422.04,89.3,88.8,...,...,...,...,...,...,1443,...,...,...,...
197,2025,...,2448,2438,1252,1246,1196,1192,14.6,62.4,23.0,...,...,...,...,...,...,...,...,...,...,...,45.1,45.4,157.7,166.9,122.4,129.1,205.3,217.6,1,96,...,...,...,...,...,...,...,1112,759,651,108,...,2018.70,1316.87,79.6,82.2,...,...,...,...,...,...,1645,...,...,...,...
198,2025,...,2058,2047,1068,1060,990,987,14.2,63.7,22.1,...,...,...,...,...,...,...,...,...,...,...,44.8,45.1,154.9,168.8,139.2,157.0,173.3,182.3,1,63,...,...,...,...,...,...,...,889,253,161,92,...,1989.51,1301.73,78.4,81.3,...,...,...,...,...,...,1343,...,...,...,...
199,2025,...,3270,3279,1672,1673,1598,1606,18.0,63.0,19.1,...,...,...,...,...,...,...,...,...,...,...,42.2,42.3,106.1,108.3,92.6,93.7,121.2,124.5,1,166,...,...,...,...,...,...,...,1529,768,577,191,...,2057.77,1336.51,81.1,83.4,...,...,...,...,...,...,2178,...,...,...,...
200,2025,...,4398,4376,2157,2156,2241,2220,13.1,59.8,27.1,...,...,...,...,...,...,...,...,...,...,...,47.3,47.5,207.3,211.9,173.2,174.5,242.1,251.8,2,147,...,...,...,...,...,...,...,1744,1138,951,187,...,1971.78,1287.35,77.8,80.4,...,...,...,...,...,...,2521,...,...,...,...
201,2025,...,4414,4410,2222,2224,2192,2186,13.9,60.1,26.0,...,...,...,...,...,...,...,...,...,...,...,46.7,46.8,187.1,193.0,169.6,176.4,204.5,209.3,3,125,...,...,...,...,...,...,...,1881,1331,1117,215,...,2183.89,1399.56,86.1,87.4,...,...,...,...,...,...,3151,...,...,...,...
202,2025,...,1839,1827,913,907,926,920,13.3,60.0,26.7,...,...,...,...,...,...,...,...,...,...,...,47.5,47.7,201.2,216.5,161.7,175.2,244.8,262.4,1,58,...,...,...,...,...,...,...,782,359,255,104,...,2298.81,1458.19,90.6,91.0,...,...,...,...,...,...,1130,...,...,...,...
203,2025,...,3980,4012,2068,2091,1912,1921,15.5,62.8,21.8,...,...,...,...,...,...,...,...,...,...,...,43.6,43.6,140.8,141.0,135.4,131.4,146.1,151.0,1,162,...,...,...,...,...,...,...,1847,930,752,178,...,1999.20,1301.00,78.8,81.2,...,...,...,...,...,...,2544,...,...,...,...
204,2025,...,2270,2275,1163,1170,1107,1105,14.5,65.8,19.6,...,...,...,...,...,...,...,...,...,...,...,44.0,44.0,135.2,133.7,129.3,132.4,141.1,135.1,1,103,...,...,...,...,...,...,...,940,386,269,116,...,2327.34,1508.61,91.8,94.2,...,...,...,...,...,...,1534,...,...,...,...
205,2025,...,1988,1979,1005,1003,983,976,12.7,63.7,23.6,...,...,...,...,...,...,...,...,...,...,...,46.0,46.3,186.1,193.5,162.4,169.2,212.6,220.7,1,68,...,...,...,...,...,...,...,862,211,97,113,...,2255.13,1461.52,88.9,91.2,...,...,...,...,...,...,1310,...,...,...,...
206,2025,...,3607,3621,1834,1837,1773,1784,15.4,63.5,21.1,...,...,...,...,...,...,...,...,...,...,...,44.0,44.1,137.1,138.2,119.4,121.4,157.1,157.0,1,180,...,...,...,...,...,...,...,1623,917,778,140,...,2323.92,1484.62,91.6,92.7,...,...,...,...,...,...,2378,...,...,...,...
207,2025,...,2732,2740,1366,1375,1366,1365,14.5,62.2,23.4,...,...,...,...,...,...,...,...,...,...,...,45.1,45.2,161.1,161.7,143.4,146.1,178.5,176.6,2,103,...,...,...,...,...,...,...,1212,542,318,224,...,2219.82,1428.50,87.5,89.2,...,...,...,...,...,...,1654,...,...,...,...
208,2025,...,3860,3855,1943,1939,1917,1916,14.1,62.7,23.2,...,...,...,...,...,...,...,...,...,...,...,44.8,44.9,164.3,168.3,149.1,157.0,179.3,178.9,2,154,...,...,...,...,...,...,...,1710,635,458,177,...,2140.10,1375.44,84.4,85.9,...,...,...,...,...,...,2383,...,...,...,...
209,2025,...,2326,2318,1254,1252,1072,1066,13.6,64.2,22.2,...,...,...,...,...,...,...,...,...,...,...,44.8,44.9,163.6,160.4,136.8,137.8,196.5,186.6,1,70,...,...,...,...,...,...,...,1123,591,434,157,...,1904.04,1237.50,75.1,77.2,...,...,...,...,...,...,1531,...,...,...,...
210,2025,...,2180,2188,1123,1124,1057,1064,14.5,64.9,20.6,...,...,...,...,...,...,...,...,...,...,...,43.6,43.6,142.4,143.2,125.9,128.0,160.7,159.5,1,65,...,...,...,...,...,...,...,914,271,156,115,...,2123.10,1373.44,83.7,85.7,...,...,...,...,...,...,1420,...,...,...,...
211,2025,...,2936,2907,1689,1651,1247,1256,13.9,68.8,17.3,...,...,...,...,...,...,...,...,...,...,...,42.7,42.9,125.1,127.9,117.1,117.9,133.5,138.3,1,106,...,...,...,...,...,...,...,1221,1099,965,134,...,2533.41,1609.60,99.9,100.5,...,...,...,...,...,...,1770,...,...,...,...
212,2025,...,2822,2823,1425,1438,1397,1385,16.9,63.2,20.0,...,...,...,...,...,...,...,...,...,...,...,42.7,42.9,118.3,120.6,107.2,108.8,130.5,133.9,1,139,...,...,...,...,...,...,...,1373,922,807,115,...,2232.49,1433.39,88.0,89.5,...,...,...,...,...,...,1783,...,...,...,...
213,2025,...,3446,3437,1656,1651,1790,1786,11.6,62.6,25.8,...,...,...,...,...,...,...,...,...,...,...,47.2,47.5,223.1,232.3,192.4,199.0,257.4,269.2,2,107,...,...,...,...,...,...,...,1500,1056,950,105,...,2638.66,1654.28,104.0,103.3,...,...,...,...,...,...,2098,...,...,...,...
